variant,k,users,precision,recall,ndcg,map,mrr,hitrate,coverage,diversity,novelty
pipeline:rank=deepfm,10,117,0.365812,0.106471,0.402966,0.256709,0.666202,0.914530,0.044652,0.707502,12.104323
pipeline:rank=deepfm,20,117,0.335897,0.179193,0.384441,0.213705,0.669517,0.957265,0.070006,0.689924,11.797612
