variant,k,users,precision,recall,ndcg,map,mrr,hitrate,coverage,diversity,novelty
pipeline:rank=v1,10,117,0.258120,0.068894,0.296580,0.179166,0.540703,0.794872,0.013447,0.589744,9.281603
pipeline:rank=v1,20,117,0.229915,0.102659,0.271880,0.142257,0.545723,0.871795,0.022275,0.659109,9.413215
